curveID,curveName,pillar,campaignproduct,mediagroup,2022_wk8,2022_wk9,2022_wk10,2022_wk11,2022_wk12,2022_wk13,2022_wk14,2022_wk15,2022_wk16,2022_wk17,2022_wk18,2022_wk19,2022_wk20,2022_wk21,2022_wk22,2022_wk23,2022_wk24,2022_wk25,2022_wk26,2022_wk27,2022_wk28,2022_wk29,2022_wk30,2022_wk31,2022_wk32,2022_wk33,2022_wk34,2022_wk35,2022_wk36,2022_wk37,2022_wk38,2022_wk39,2022_wk40,2022_wk41,2022_wk42,2022_wk43,2022_wk44,2022_wk45,2022_wk46,2022_wk47,2022_wk48,2022_wk49,2022_wk50,2022_wk51,2022_wk52,2023_wk1,2023_wk2,2023_wk3,2023_wk4,2023_wk5,2023_wk6,2023_wk7,2023_wk8,2023_wk9,2023_wk10,2023_wk11,2023_wk12,2023_wk13,2023_wk14,2023_wk15,2023_wk16,2023_wk17,2023_wk18,2023_wk19,2023_wk20,2023_wk21,2023_wk22,2023_wk23,2023_wk24,2023_wk25,2023_wk26,2023_wk27,2023_wk28,2023_wk29,2023_wk30,2023_wk31,2023_wk32,2023_wk33,2023_wk34,2023_wk35,2023_wk36,2023_wk37,2023_wk38,2023_wk39,2023_wk40,2023_wk41,2023_wk42,2023_wk43,2023_wk44,2023_wk45,2023_wk46,2023_wk47,2023_wk48,2023_wk49,2023_wk50,2023_wk51,2023_wk52,2024_wk1,2024_wk2,2024_wk3,2024_wk4,2024_wk5,2024_wk6,2024_wk7,2024_wk8,2024_wk9,2024_wk10,2024_wk11,2024_wk12,2024_wk13,2024_wk14,2024_wk15,2024_wk16,2024_wk17,2024_wk18,2024_wk19,2024_wk20,2024_wk21,2024_wk22,2024_wk23,2024_wk24,2024_wk25,2024_wk26,2024_wk27,2024_wk28,2024_wk29,2024_wk30,2024_wk31,2024_wk32,2024_wk33,2024_wk34,2024_wk35,2024_wk36,2024_wk37,2024_wk38,2024_wk39,2024_wk40,2024_wk41,2024_wk42,2024_wk43,2024_wk44,2024_wk45,2024_wk46,2024_wk47,2024_wk48,2024_wk49,2024_wk50,2024_wk51,2024_wk52,2025_wk1,2025_wk2,2025_wk3,2025_wk4,2025_wk5,2025_wk6,2025_wk7,2025_wk8,2025_wk9,2025_wk10,2025_wk11,2025_wk12,2025_wk13,2025_wk14,2025_wk15,2025_wk16,2025_wk17,2025_wk18,2025_wk19,2025_wk20,2025_wk21,2025_wk22,2025_wk23,2025_wk24,2025_wk25,2025_wk26,2025_wk27,2025_wk28,2025_wk29,2025_wk30,2025_wk31,2025_wk32,2025_wk33,2025_wk34,2025_wk35,2025_wk36,2025_wk37,2025_wk38,2025_wk39,2025_wk40,2025_wk41,2025_wk42,2025_wk43,2025_wk44,2025_wk45,2025_wk46,2025_wk47,2025_wk48,2025_wk49,2025_wk50,2025_wk51,2025_wk52,2026_wk1,2026_wk2,2026_wk3,2026_wk4,2026_wk5,2026_wk6,2026_wk7,2026_wk8,2026_wk9,2026_wk10,2026_wk11,2026_wk12,2026_wk13,2026_wk14,2026_wk15,2026_wk16,2026_wk17,2026_wk18,2026_wk19,2026_wk20,2026_wk21,2026_wk22,2026_wk23,2026_wk24,2026_wk25,2026_wk26,2026_wk27,2026_wk28,2026_wk29,2026_wk30,2026_wk31,2026_wk32,2026_wk33,2026_wk34
1,seasonalchristmasTelevision,seasonal,christmas,Television,0,0,0,0,0,0,0,0,0,0,0,0,0,0,0,0,0,0,0,0,0,0,0,0,0,0,0,0,0,0,0,0,0,0,0,0,1335784,1189899,1185042,974520,767160,839715,895201,194137,0,0,0,0,0,0,0,0,0,0,0,0,0,0,0,0,0,0,0,0,0,0,0,0,0,0,0,0,0,0,0,0,0,0,0,0,0,0,0,0,0,0,0,0,0,0,1799321,1697979,990863,967766,985321,228417,47249,0,0,0,0,0,0,0,0,0,0,0,0,0,0,0,0,0,0,0,0,0,0,0,0,0,0,0,0,0,0,0,0,0,0,0,0,0,0,0,0,0,0,0,0,931480,1808813,1764726,905370,764283,964731,209694,75622,0,0,0,0,0,0,0,0,0,0,0,0,0,0,0,0,0,0,0,0,0,0,0,0,0,0,0,0,0,0,0,0,0,0,0,0,0,0,0,0,0,0,0,0,931480,1808813,1764726,905370,764283,964731,209694,75622,0,0,0,0,0,0,0,0,0,0,0,0,0,0,0,0,0,0,0,0,0,0,0,0,0,0,0,0,0,0,0,0,0,0
2,qualityfoodfoodthreezeroTelevision,qualityfood,foodthreezero,Television,0,0,0,0,0,0,0,0,0,0,0,0,0,0,0,0,0,0,0,0,0,0,0,0,0,0,0,0,0,0,0,0,0,0,0,0,0,0,0,0,0,0,0,0,0,0,0,0,0,0,0,0,0,0,0,0,0,0,0,0,0,0,0,0,0,0,0,0,0,0,0,0,0,0,0,0,0,0,0,0,0,0,0,0,0,0,0,0,0,0,0,0,0,0,0,0,0,0,0,0,0,0,0,0,0,0,0,0,0,0,0,0,0,0,0,0,0,0,0,0,0,0,0,0,0,0,0,0,0,0,0,0,0,0,0,0,0,0,0,0,0,0,0,0,0,0,0,0,0,0,0,0,0,423513,702995,509574,49732,0,398517,434771,386311,54127,0,0,0,0,0,425696,579433,534295,0,0,348533,353560,317854,31549,0,0,401684,374753,373219,43713,0,0,0,0,0,0,0,0,0,0,0,0,0,0,0,0,0,0,0,0,0,0,0,423513,702995,509574,49732,0,398517,434771,386311,54127,0,0,0,0,0,425696,579433,534295,0,0,348533,353560,317854,31549,0,0,401684,374753,373219,43713,0
3,fairpricesccptPrint,fairprices,ccpt,Print,0,0,0,0,0,0,0,0,0,91035,91035,91035,91035,91035,91035,91035,91035,91035,91035,91035,91035,91035,91035,91035,91035,91035,91035,91035,91035,91035,91035,91035,91035,91035,91035,0,0,0,0,0,0,0,0,0,91035,91035,91035,91035,0,0,0,0,0,0,0,0,0,182070,85934,85934,85934,171868,171868,171868,171868,171868,171868,171868,171868,171868,171868,171868,171868,171868,171868,171868,171868,171868,171868,85934,85934,171868,85934,85934,171867,171867,85934,0,0,0,0,0,0,0,0,0,208927,262495,239173,221893,218163,182024,162527,149864,97773,72750,72750,72750,101703,0,0,0,0,145500,127258,145500,145500,145500,145500,241550,204319,216865,145500,205060,485840,145500,145500,72750,72750,145500,72750,72750,72750,72750,145500,145500,145500,145500,145500,0,0,0,0,0,0,0,0,0,72750,145500,145500,145500,72750,145500,145500,72750,63461,63461,63461,63461,63461,24785,63461,63461,88246,63461,63461,63461,63461,63461,63461,63461,88246,247820,164319,156701,156701,210888,154702,185081,126921,95239,0,72750,72750,72750,145500,145500,145500,145500,145500,0,0,0,0,0,0,0,0,0,72750,145500,145500,145500,72750,145500,145500,72750,63461,63461,63461,63461,63461,24785,63461,63461,88246,63461,63461,63461,63461,63461,63461,63461,88246,247820,164319,156701,156701,210888,154702,185081,126921,95239,0
4,fairpricesccptDigital display,fairprices,ccpt,Digital display,22744,20275,18124,20743,22041,0,0,0,0,25915,21386,33849,29268,42847,47254,65141,46334,56203,56212,52807,30045,49719,52985,51971,51320,51795,45539,32933,44844,42616,51319,47685,46635,43634,88937,3,0,0,0,0,0,0,0,0,29746,28797,25520,25528,26962,27304,29981,30871,0,0,0,0,0,114985,58468,60847,62449,120874,81228,93504,90628,147786,137282,97303,114507,146019,117123,128526,117467,107864,89247,102627,91000,86456,90181,52233,62648,97600,56614,106882,95131,73344,63694,25306,0,0,0,0,0,0,0,0,15255,9745,21826,21600,18720,18565,19535,50290,105311,105311,30260,38326,46446,0,0,0,0,28785,1984,29727,34341,13608,14036,12438,13225,13593,14675,12787,8925,12305,11120,1599,1847,11927,1261,1241,1384,1394,6779,15288,20359,19732,22508,1566,1756,959,2031,1645,1264,1323,1165,1053,34080,77328,900,0,0,0,0,0,80587,110717,107467,92349,89152,119273,161653,163346,106287,105470,94632,96415,100569,121613,142596,170460,146119,236878,207269,195058,208624,228471,256393,277282,209263,164510,18646,1241,1384,1394,6779,15288,20359,19732,22508,1566,1756,959,2031,1645,1264,1323,1165,1053,34080,77328,900,0,0,0,0,0,80587,110717,107467,92349,89152,119273,161653,163346,106287,105470,94632,96415,100569,121613,142596,170460,146119,236878,207269,195058,208624,228471,256393,277282,209263,164510,18646
5,fairpricesccthreezeroTelevision,fairprices,ccthreezero,Television,0,0,0,0,0,0,0,0,0,0,0,0,0,0,0,0,0,0,0,0,0,0,0,0,0,0,0,0,0,0,0,0,0,0,0,0,0,0,0,0,0,0,0,0,0,0,0,0,0,0,0,0,0,0,0,0,0,0,0,0,0,0,0,0,0,0,0,0,0,0,0,0,0,0,0,0,0,0,0,0,0,0,0,0,0,0,0,0,0,0,0,0,0,0,0,0,0,0,0,0,0,0,0,0,0,0,0,0,0,0,0,0,0,0,0,0,0,0,0,0,0,0,0,0,0,0,0,0,0,0,0,0,0,0,0,0,0,0,0,0,0,0,0,0,0,0,0,0,0,0,0,0,0,0,51686,492202,466389,327386,25972,0,0,0,0,0,0,0,0,0,0,450549,400721,671966,33208,0,0,356806,377155,383584,29306,0,0,0,0,0,0,0,0,0,0,0,0,0,0,0,0,0,0,0,0,0,0,0,0,0,0,0,51686,492202,466389,327386,25972,0,0,0,0,0,0,0,0,0,0,450549,400721,671966,33208,0,0,356806,377155,383584,29306,0,0,0,0
6,fairpricesccpTelevision,fairprices,ccp,Television,0,402725,523214,433205,83161,0,0,0,0,0,0,0,0,0,0,0,0,365263,652068,136514,0,0,0,0,0,0,0,135308,428099,680933,77816,0,0,0,0,0,0,0,0,0,0,0,0,0,0,0,0,0,0,0,0,0,178905,598581,436302,62433,0,0,0,477571,503995,381665,31474,0,0,0,0,0,0,0,0,366060,293958,256940,34093,0,0,0,0,171487,443790,300985,195626,0,0,0,0,0,0,0,0,0,0,0,0,0,0,0,0,0,0,479431,646604,492871,49404,0,0,0,0,0,0,0,0,141607,473037,412011,289885,31511,0,0,0,0,415579,735193,574716,75110,0,0,401833,573949,482140,0,0,0,0,0,0,0,284330,689334,47312,0,0,0,0,0,0,0,0,106825,668504,451740,44660,0,0,0,0,0,0,0,0,0,0,0,0,0,0,0,0,0,0,0,0,0,0,0,0,0,0,0,0,0,0,0,0,0,0,0,0,0,284330,689334,47312,0,0,0,0,0,0,0,0,106825,668504,451740,44660,0,0,0,0,0,0,0,0,0,0,0,0,0,0,0,0,0,0,0,0,0,0,0,0,0,0,0,0,0,0
7,fairpricesttvTelevision,fairprices,ttv,Television,0,0,0,0,0,0,0,0,0,0,0,0,0,0,0,0,0,0,0,0,0,0,0,0,0,0,0,0,0,0,0,0,0,0,0,0,0,0,0,0,0,0,0,0,0,0,0,0,0,0,0,0,0,0,0,0,0,0,0,0,0,0,0,0,0,0,0,525955,419389,430281,0,0,0,0,0,344804,330013,283201,281801,0,0,0,0,0,0,27697,408333,298610,142242,8656,0,0,0,0,0,0,0,0,0,0,0,0,0,0,0,0,0,0,0,0,135358,311617,202355,72447,0,0,0,0,0,439575,271123,374162,36177,0,0,0,0,0,0,0,0,0,387384,381659,301418,59410,0,0,0,0,0,0,0,0,0,0,0,0,0,0,0,0,0,0,0,0,0,0,0,0,0,0,0,0,0,408608,359660,342004,37140,0,0,0,396957,416004,284056,39149,0,0,0,0,0,0,0,0,387384,381659,301418,59410,0,0,0,0,0,0,0,0,0,0,0,0,0,0,0,0,0,0,0,0,0,0,0,0,0,0,0,0,0,408608,359660,342004,37140,0,0,0,396957,416004,284056,39149,0,0,0,0,0,0,0
8,seasonalchristmasPrint,seasonal,christmas,Print,0,0,0,0,0,0,0,0,0,0,0,0,0,0,0,0,0,0,0,0,0,0,0,0,0,0,0,0,0,0,0,0,0,0,0,91035,218484,365279,313922,282109,307013,355623,268156,183150,0,0,0,0,0,0,0,0,0,0,0,0,0,0,0,0,0,0,0,0,0,0,0,0,0,0,0,0,0,0,0,0,0,0,0,0,0,0,0,0,0,0,0,85934,171868,171868,315927,394350,458238,371276,426228,146263,34062,0,0,0,0,0,0,0,0,0,0,0,0,0,0,0,0,0,0,0,0,0,0,0,0,0,0,0,0,0,0,0,0,0,0,0,0,0,0,0,0,0,0,145500,145500,960346,316279,279598,325589,302076,237805,264911,39898,0,0,0,0,0,0,0,0,0,0,0,0,0,0,0,0,0,0,0,0,0,0,0,0,0,0,0,0,0,0,0,0,0,0,0,0,0,0,0,0,0,0,145500,145500,960346,316279,279598,325589,302076,237805,264911,39898,0,0,0,0,0,0,0,0,0,0,0,0,0,0,0,0,0,0,0,0,0,0,0,0,0,0,0,0,0,0,0,0,0,0
9,qualityfoodfinestTelevision,qualityfood,finest,Television,0,0,0,0,0,0,0,0,0,0,0,0,0,0,0,0,0,0,0,0,0,0,0,0,0,0,0,0,0,0,0,0,0,0,0,0,0,0,0,0,0,0,0,0,0,0,0,0,0,0,0,0,0,0,0,0,0,0,0,0,0,0,0,0,0,0,0,0,0,0,0,0,0,0,0,0,0,0,0,0,0,0,0,0,0,0,0,0,0,0,0,0,0,0,0,0,0,0,0,0,0,0,0,0,0,0,0,0,0,0,0,0,0,0,0,0,0,0,0,0,0,0,0,0,0,378639,447609,358677,45842,0,0,330517,419210,290590,36604,367014,516045,526610,85335,0,0,0,0,0,0,0,0,0,0,0,0,0,0,0,0,0,0,0,0,0,0,0,0,0,0,0,0,0,0,0,0,0,0,0,0,0,0,0,0,0,0,0,0,330517,419210,290590,36604,367014,516045,526610,85335,0,0,0,0,0,0,0,0,0,0,0,0,0,0,0,0,0,0,0,0,0,0,0,0,0,0,0,0,0,0,0,0,0,0,0,0,0,0,0,0,0,0,0,0
10,seasonalchristmasVideo,seasonal,christmas,Video,0,0,0,0,0,0,0,0,0,0,0,0,0,0,0,0,0,0,0,0,0,0,0,0,0,0,0,0,0,0,0,0,0,0,0,0,210138,485329,138747,113495,188749,133075,159899,2969,0,0,0,0,0,0,0,0,0,0,0,0,0,0,0,0,0,0,0,0,0,0,0,0,0,0,0,0,0,0,0,0,0,0,0,0,0,0,0,0,0,0,0,0,0,0,512388,462434,312335,319224,311522,56842,2048,0,0,0,0,0,0,0,0,0,0,0,0,0,0,0,0,0,0,0,0,0,0,0,0,0,0,0,0,0,0,0,0,0,0,0,0,0,0,0,0,0,0,0,0,382877,538401,397829,436849,494333,316364,66712,9706,0,0,0,0,0,0,0,0,0,0,0,0,0,0,0,0,0,0,0,0,0,0,0,0,0,0,0,0,0,0,0,0,0,0,0,0,0,0,0,0,0,0,0,0,382877,538401,397829,436849,494333,316364,66712,9706,0,0,0,0,0,0,0,0,0,0,0,0,0,0,0,0,0,0,0,0,0,0,0,0,0,0,0,0,0,0,0,0,0,0
11,qualityfoodfoodthreezeroOut of home,qualityfood,foodthreezero,Out of home,0,0,0,0,0,0,0,0,0,0,0,0,0,0,0,0,0,0,0,0,0,0,0,0,0,0,0,0,0,0,0,0,0,0,0,0,0,0,0,0,0,0,0,0,0,0,0,0,0,0,0,0,0,0,0,0,0,0,0,0,0,0,0,0,0,0,0,0,0,0,0,0,0,0,0,0,0,0,0,0,0,0,0,0,0,0,0,0,0,0,0,0,0,0,0,0,0,0,0,0,0,0,0,0,0,0,0,0,0,0,0,0,0,0,0,0,0,0,0,0,0,0,0,0,0,0,0,0,0,0,0,0,0,0,0,0,0,14853,25786,148304,172502,24996,0,0,0,0,0,0,0,0,0,0,0,194835,247483,116944,12176,0,109254,184654,109171,11927,0,0,0,0,0,88123,143993,82205,0,0,124707,171368,113203,15440,0,0,102622,142367,74731,9212,0,0,0,0,0,0,0,14853,25786,148304,172502,24996,0,0,0,0,0,0,0,0,0,0,0,194835,247483,116944,12176,0,109254,184654,109171,11927,0,0,0,0,0,88123,143993,82205,0,0,124707,171368,113203,15440,0,0,102622,142367,74731,9212,0
12,fairpricesccthreezeroTV sponsorship,fairprices,ccthreezero,TV sponsorship,0,0,0,0,0,0,0,0,0,0,0,0,0,0,0,0,0,0,0,0,0,0,0,0,0,0,0,0,0,0,0,0,0,0,0,0,0,0,0,0,0,0,0,0,0,0,0,0,0,0,0,0,0,0,0,0,0,0,0,0,0,0,0,0,0,0,0,0,0,0,0,0,0,0,0,0,0,0,0,0,0,0,0,0,0,0,0,0,0,0,0,0,0,0,0,0,0,0,0,0,0,0,0,0,0,0,0,0,0,0,0,0,0,0,0,0,0,0,0,0,0,0,0,0,0,0,0,0,0,0,0,0,0,0,0,0,0,0,0,0,0,0,0,0,0,0,0,0,0,0,0,0,0,0,0,697678,239248,138092,13951,116591,136357,123775,122480,123628,124801,110923,112951,3396,206698,119988,3616,0,0,0,0,0,0,0,0,0,0,0,0,0,0,0,0,0,0,0,0,0,0,0,0,0,0,0,0,0,0,0,0,0,0,0,0,697678,239248,138092,13951,116591,136357,123775,122480,123628,124801,110923,112951,3396,206698,119988,3616,0,0,0,0,0,0,0,0,0,0,0,0
13,fairpricesccthreezeroVideo,fairprices,ccthreezero,Video,0,0,0,0,0,0,0,0,0,0,0,0,0,0,0,0,0,0,0,0,0,0,0,0,0,0,0,0,0,0,0,0,0,0,0,0,0,0,0,0,0,0,0,0,0,0,0,0,0,0,0,0,0,0,0,0,0,0,0,0,0,0,0,0,0,0,0,0,0,0,0,0,0,0,0,0,0,0,0,0,0,0,0,0,0,0,0,0,0,0,0,0,0,0,0,0,0,0,0,0,0,0,0,0,0,0,0,0,0,0,0,0,0,0,0,0,0,0,0,0,0,0,0,0,0,0,0,0,0,0,0,0,0,0,0,0,0,0,0,0,0,0,0,0,0,0,0,0,0,0,0,0,0,0,0,185616,249005,233579,5967,125707,109009,109096,110480,93350,74057,79421,81411,0,136867,173669,121271,104582,3178,0,0,112452,158582,95966,5638,0,0,0,0,0,0,0,0,0,0,0,0,0,0,0,0,0,0,0,0,0,0,0,0,0,0,0,0,185616,249005,233579,5967,125707,109009,109096,110480,93350,74057,79421,81411,0,136867,173669,121271,104582,3178,0,0,112452,158582,95966,5638,0,0,0,0
14,qualityfoodfoodthreezeroVideo,qualityfood,foodthreezero,Video,0,0,0,0,0,0,0,0,0,0,0,0,0,0,0,0,0,0,0,0,0,0,0,0,0,0,0,0,0,0,0,0,0,0,0,0,0,0,0,0,0,0,0,0,0,0,0,0,0,0,0,0,0,0,0,0,0,0,0,0,0,0,0,0,0,0,0,0,0,0,0,0,0,0,0,0,0,0,0,0,0,0,0,0,0,0,0,0,0,0,0,0,0,0,0,0,0,0,0,0,0,0,0,0,0,0,0,0,0,0,0,0,0,0,0,0,0,0,0,0,0,0,0,0,0,0,0,0,0,0,0,0,0,0,0,0,0,0,0,0,0,0,0,0,0,0,0,0,0,0,0,0,0,204801,189025,181807,9159,0,146833,186910,96051,4749,0,0,0,0,0,177458,228571,120677,0,0,116150,113769,166732,40601,16359,18224,96199,114883,105085,9416,0,0,0,0,0,0,0,0,0,0,0,0,0,0,0,0,0,0,0,0,0,0,0,204801,189025,181807,9159,0,146833,186910,96051,4749,0,0,0,0,0,177458,228571,120677,0,0,116150,113769,166732,40601,16359,18224,96199,114883,105085,9416,0
15,seasonalchristmasDigital display,seasonal,christmas,Digital display,0,0,0,0,0,0,0,0,0,0,0,0,0,0,0,0,0,0,0,0,0,0,0,0,0,0,0,0,0,0,0,0,0,0,0,59695,323590,164279,227916,273474,283660,266124,219187,160886,0,0,0,0,0,0,0,0,0,0,0,0,0,0,0,0,0,0,0,0,0,0,0,0,0,0,0,0,0,0,0,0,0,0,0,0,0,0,0,0,0,0,0,44163,124825,100908,285145,291425,321348,337558,371267,209607,43578,0,0,0,0,0,0,0,0,0,0,0,0,0,0,0,0,0,0,0,0,0,0,0,0,0,0,0,0,0,0,0,0,0,0,0,0,0,0,0,0,0,0,32007,26338,413109,218929,250666,279720,354768,364626,291825,84978,0,0,0,0,0,0,0,0,0,0,0,0,0,0,0,0,0,0,0,0,0,0,0,0,0,0,0,0,0,0,0,0,0,0,0,0,0,0,0,0,0,0,32007,26338,413109,218929,250666,279720,354768,364626,291825,84978,0,0,0,0,0,0,0,0,0,0,0,0,0,0,0,0,0,0,0,0,0,0,0,0,0,0,0,0,0,0,0,0,0,0
16,seasonalchristmasPaid social,seasonal,christmas,Paid social,0,0,0,0,0,0,0,0,0,0,0,0,0,0,0,0,0,0,0,0,0,0,0,0,0,0,0,0,0,0,0,0,0,0,0,40770,128311,208599,255553,243247,283184,228949,199417,167088,0,0,0,0,0,0,0,0,0,0,0,0,0,0,0,0,0,0,0,0,0,0,0,0,0,0,0,0,0,0,0,0,0,0,0,0,0,0,0,0,0,0,0,29291,38797,41642,202633,188723,304132,436947,375726,161310,25698,0,0,0,0,0,0,0,0,0,0,0,0,0,0,0,0,0,0,0,0,0,0,0,0,0,0,0,0,0,0,0,0,0,0,0,0,0,0,0,0,0,0,38983,175722,425642,214730,188245,306734,299377,392979,177560,48858,0,0,0,0,0,0,0,0,0,0,0,0,0,0,0,0,0,0,0,0,0,0,0,0,0,0,0,0,0,0,0,0,0,0,0,0,0,0,0,0,0,0,38983,175722,425642,214730,188245,306734,299377,392979,177560,48858,0,0,0,0,0,0,0,0,0,0,0,0,0,0,0,0,0,0,0,0,0,0,0,0,0,0,0,0,0,0,0,0,0,0
17,otherotherPaid social,other,other,Paid social,146047,156709,48243,111945,146776,20610,20212,18749,51966,112767,83245,31284,173610,183029,94329,187746,191810,131452,68253,84988,99458,102586,141738,168434,118765,111064,117687,57023,108380,48647,85333,138388,200750,275565,103038,44118,961,0,0,34965,0,4346,25624,14985,0,3829,42139,42957,84422,96381,122420,65643,14168,26467,58393,83343,20106,21573,109835,199913,31328,6491,70962,124296,217433,174913,14442,0,6516,10274,44465,171324,192164,35760,9942,2626,3084,18258,89062,167591,44294,78015,8653,20467,26648,47622,86708,108453,89497,27294,4215,74299,5071,5031,23556,19508,14018,16166,17748,42697,23847,19858,66581,103221,93492,96358,145976,26541,16652,28486,0,1757,21092,9403,8233,4722,14933,13303,17794,3861,27818,39066,23168,4384,32347,54170,70943,69648,45264,62735,38238,28380,56260,99482,62184,28115,12975,29052,90175,109951,69099,16083,44791,87329,0,0,35061,25390,5697,1795,18636,13934,27390,69475,93969,109503,98955,30246,21307,26444,24780,22761,39913,26872,17167,4089,9797,17307,38680,24566,35122,33777,33522,11821,63543,15325,15524,23746,80403,21767,4650,81321,16252,28380,56260,99482,62184,28115,12975,29052,90175,109951,69099,16083,44791,87329,0,0,35061,25390,5697,1795,18636,13934,27390,69475,93969,109503,98955,30246,21307,26444,24780,22761,39913,26872,17167,4089,9797,17307,38680,24566,35122,33777,33522,11821,63543,15325,15524,23746,80403,21767,4650,81321,16252
18,fairpricesccpRadio sponsorship,fairprices,ccp,Radio sponsorship,0,0,0,0,0,0,0,0,0,0,0,0,0,0,0,0,0,0,0,0,0,0,0,0,0,0,0,0,0,0,0,0,0,0,0,0,0,0,0,0,0,0,0,0,0,0,0,0,0,0,0,0,0,0,0,0,0,0,0,0,0,0,0,0,0,0,0,0,0,0,0,0,0,0,0,0,0,0,0,0,0,0,0,0,0,0,0,0,0,0,0,0,0,0,0,0,0,0,0,0,0,0,0,0,0,0,0,0,0,0,0,0,0,0,0,0,0,0,0,0,0,0,0,0,0,0,0,0,38041,49543,53294,31999,28458,28242,52246,34144,30753,30802,52954,34494,30802,50920,30833,48740,33837,30821,53128,34213,30275,30738,30816,30815,50154,33767,30770,4402,43274,35685,33180,35592,58197,38432,23819,26654,57309,37580,33754,33381,35175,58471,40568,47283,48137,57192,62817,62886,64791,95781,43131,7665,28876,35022,5048,31999,28458,28242,52246,34144,30753,30802,52954,34494,30802,50920,30833,48740,33837,30821,53128,34213,30275,30738,30816,30815,50154,33767,30770,4402,43274,35685,33180,35592,58197,38432,23819,26654,57309,37580,33754,33381,35175,58471,40568,47283,48137,57192,62817,62886,64791,95781,43131,7665,28876,35022,5048
19,fairpricesccptPaid social,fairprices,ccpt,Paid social,45954,45954,45954,45954,0,0,0,0,0,39960,35963,35963,35963,35963,35963,35963,35963,35963,35963,35963,35963,35963,35963,35963,35963,35865,21514,0,0,42000,42000,42000,42000,42000,32916,18467,0,0,0,0,0,0,0,0,211809,26716,26716,26716,26716,26716,26716,26715,0,0,0,0,0,0,17119,37919,37267,35522,38071,43187,50370,49965,26275,0,24147,48815,51032,50022,49821,50669,47758,57597,51293,55907,53378,49200,40585,34466,38664,31803,39513,36274,39267,8287,0,0,0,0,0,0,0,0,24947,63000,49517,37574,26928,56753,50082,66869,29663,27963,38792,40070,51184,0,0,0,0,28439,41465,39813,39891,33329,31870,60298,72112,69761,135776,99985,38777,30263,31736,31009,31407,31950,31626,43327,33049,41065,41141,39942,42721,52826,56324,21327,0,0,0,0,0,0,0,0,35548,31076,38485,28797,18943,36393,43763,36100,37991,37539,38363,24914,33197,12451,4622,5897,48633,69350,60308,68030,22581,26766,37742,33936,37970,39544,33184,40883,36779,77528,95676,103336,45662,36491,10866,43327,33049,41065,41141,39942,42721,52826,56324,21327,0,0,0,0,0,0,0,0,35548,31076,38485,28797,18943,36393,43763,36100,37991,37539,38363,24914,33197,12451,4622,5897,48633,69350,60308,68030,22581,26766,37742,33936,37970,39544,33184,40883,36779,77528,95676,103336,45662,36491,10866
20,qualityfooddftfreefromrootsoulfinestaoPaid social,qualityfood,dftfreefromrootsoulfinestao,Paid social,0,0,0,0,0,0,0,0,0,0,0,0,0,0,0,0,0,0,0,0,0,0,0,0,0,0,0,0,0,0,0,0,0,0,0,0,0,0,0,0,0,0,0,0,0,0,0,0,0,0,0,0,0,0,0,0,0,0,0,0,0,0,0,0,0,0,0,0,0,0,0,0,0,0,0,0,0,0,0,0,0,0,0,0,0,0,0,0,0,0,0,0,0,0,0,0,0,0,0,0,0,0,0,0,0,0,0,0,0,0,0,0,0,0,0,12617,39633,50889,41513,27522,28788,40167,37745,8983,24687,40514,44364,46050,45072,44948,45204,45316,44834,44904,44541,45096,44871,44960,44632,56953,92896,23175,7060,13930,14267,24799,35237,13842,0,0,4736,13050,13827,1344,13215,37620,20721,2307,0,0,0,0,5906,12707,12805,12824,12239,5785,18251,72142,92959,62460,43589,31455,34177,45642,50074,49618,50016,82175,91538,90348,12488,45316,44834,44904,44541,45096,44871,44960,44632,56953,92896,23175,7060,13930,14267,24799,35237,13842,0,0,4736,13050,13827,1344,13215,37620,20721,2307,0,0,0,0,5906,12707,12805,12824,12239,5785,18251,72142,92959,62460,43589,31455,34177,45642,50074,49618,50016,82175,91538,90348,12488
21,seasonalchristmasOut of home,seasonal,christmas,Out of home,0,0,0,0,0,0,0,0,0,0,0,0,0,0,0,0,0,0,0,0,0,0,0,0,0,0,0,0,0,0,0,0,0,0,0,0,54315,65219,248298,269986,268010,270124,224109,0,0,0,0,0,0,0,0,0,0,0,0,0,0,0,0,0,0,0,0,0,0,0,0,0,0,0,0,0,0,0,0,0,0,0,0,0,0,0,0,0,0,0,0,0,0,0,302562,353784,305045,306066,100527,61308,8852,0,0,0,0,0,0,0,0,0,0,0,0,0,0,0,0,0,0,0,0,0,0,0,0,0,0,0,0,0,0,0,0,0,0,0,0,0,0,0,0,0,0,0,0,41643,256681,288616,345871,360258,247357,200505,35019,0,0,0,0,0,0,0,0,0,0,0,0,0,0,0,0,0,0,0,0,0,0,0,0,0,0,0,0,0,0,0,0,0,0,0,0,0,0,0,0,0,0,0,0,41643,256681,288616,345871,360258,247357,200505,35019,0,0,0,0,0,0,0,0,0,0,0,0,0,0,0,0,0,0,0,0,0,0,0,0,0,0,0,0,0,0,0,0,0,0
22,fairpricesccpVideo,fairprices,ccp,Video,0,31004,119509,110669,59094,0,0,0,0,0,0,0,0,0,0,0,0,107591,138528,9628,0,0,0,0,0,0,0,27050,238601,24144,0,0,0,0,0,0,0,0,0,0,0,0,0,0,0,0,0,0,0,0,0,114378,35659,131469,142766,5007,0,0,0,136419,162087,93766,3745,0,0,0,0,0,0,0,0,87997,136682,102649,4749,0,0,0,0,34473,72155,90203,139982,0,0,0,0,0,0,0,0,0,0,0,0,0,0,0,0,0,0,49403,250425,165091,7845,0,0,0,0,0,22744,38559,24667,42137,95358,125332,81294,11077,0,0,0,0,86406,247100,201510,45362,5225,0,50391,221215,155695,1,0,0,0,0,0,0,178961,356565,51466,0,0,0,0,0,0,0,0,68445,222116,118818,9442,0,0,0,0,0,0,0,0,0,0,0,0,0,0,0,0,0,0,0,0,0,0,0,0,0,0,0,0,0,0,1,0,0,0,0,0,0,178961,356565,51466,0,0,0,0,0,0,0,0,68445,222116,118818,9442,0,0,0,0,0,0,0,0,0,0,0,0,0,0,0,0,0,0,0,0,0,0,0,0,0,0,0,0,0,0
23,seasonaleasterTelevision,seasonal,easter,Television,0,0,0,0,725521,677173,574268,103615,0,0,0,0,0,0,0,0,0,0,0,0,0,0,0,0,0,0,0,0,0,0,0,0,0,0,0,0,0,0,0,0,0,0,0,0,0,0,0,0,0,0,0,0,0,0,0,574511,623310,481454,85204,0,0,0,0,0,0,0,0,0,0,0,0,0,0,0,0,0,0,0,0,0,0,0,0,0,0,0,0,0,0,0,0,0,0,0,0,0,0,0,0,0,0,0,0,0,0,0,471083,497378,470001,0,0,0,0,0,0,0,0,0,0,0,0,0,0,0,0,0,0,0,0,0,0,0,0,0,0,0,0,0,0,0,0,0,0,0,0,0,0,0,0,0,0,0,0,0,0,0,0,0,0,0,0,307494,534943,572916,0,0,0,0,0,0,0,0,0,0,0,0,0,0,0,0,0,0,0,0,0,0,0,0,0,0,0,0,0,0,0,0,0,0,0,0,0,0,0,0,0,0,0,0,0,0,0,0,0,307494,534943,572916,0,0,0,0,0,0,0,0,0,0,0,0,0,0,0,0,0,0,0
24,otherotherOut of home,other,other,Out of home,83690,14305,0,96655,119833,34256,20520,53520,87780,74051,35718,40278,310246,356243,228852,381506,252452,69053,153572,184688,26956,0,199947,235534,71349,77118,88289,36829,2550,850,162173,200551,272679,292022,43030,0,0,0,0,0,1977,3893,727,46697,32615,86435,167564,87315,184989,235089,60632,21442,0,0,0,0,0,0,131196,220168,92021,56028,13019,0,204888,242673,35541,0,1700,7514,257092,303387,44933,0,2217,0,15852,109662,196406,122881,17099,0,0,0,0,2550,6800,12750,11050,9350,9639,13538,10666,8691,1700,0,0,0,8500,13600,12750,5100,218763,301282,434627,267482,41630,13600,13600,10200,3400,319,375,382,388,388,388,387,2926,35223,52747,10630,438,2931,3781,3781,4686,2631,379,2796,44083,60791,38808,27782,26697,32427,16832,6209,32875,83039,57211,17453,19465,81528,3789,3433,14064,850,0,0,0,15407,27192,34810,72728,104317,48387,63737,6214,4218,2550,850,1157,1209,359,52,8842,43531,49131,15916,50444,77232,11500,12975,27887,12516,10505,12001,13974,16159,16475,54440,6926,60791,38808,27782,26697,32427,16832,6209,32875,83039,57211,17453,19465,81528,3789,3433,14064,850,0,0,0,15407,27192,34810,72728,104317,48387,63737,6214,4218,2550,850,1157,1209,359,52,8842,43531,49131,15916,50444,77232,11500,12975,27887,12516,10505,12001,13974,16159,16475,54440,6926
25,qualityfoodfinestVideo,qualityfood,finest,Video,0,0,0,0,0,0,0,0,0,0,0,0,0,0,0,0,0,0,0,0,0,0,0,0,0,0,0,0,0,0,0,0,0,0,0,0,0,0,0,0,0,0,0,0,0,0,0,0,0,0,0,0,0,0,0,0,0,0,0,0,0,0,0,0,0,0,0,0,0,0,0,0,0,0,0,0,0,0,0,0,0,0,0,0,0,0,0,0,0,0,0,0,0,0,0,0,0,0,0,0,0,0,0,0,0,0,0,0,0,0,0,0,0,0,0,0,0,0,0,0,0,0,0,0,0,149870,97898,119601,4894,0,0,94914,127582,147939,165001,136905,227137,190207,76079,0,0,0,0,0,0,0,0,0,0,0,0,0,0,0,0,0,0,0,0,0,0,0,0,0,0,0,0,0,0,0,0,0,0,0,0,0,0,0,0,0,0,0,0,94914,127582,147939,165001,136905,227137,190207,76079,0,0,0,0,0,0,0,0,0,0,0,0,0,0,0,0,0,0,0,0,0,0,0,0,0,0,0,0,0,0,0,0,0,0,0,0,0,0,0,0,0,0,0,0
26,fairpricesttvPaid social,fairprices,ttv,Paid social,0,0,0,0,0,0,0,0,0,0,0,0,0,0,0,0,0,0,0,0,0,0,0,0,0,0,0,0,0,0,0,0,0,0,0,0,0,0,0,0,0,0,0,0,0,0,0,0,0,0,0,0,0,0,0,0,0,0,0,0,0,0,0,0,0,0,0,7699,58392,69312,46520,4049,0,0,0,12674,19356,36233,52802,6140,0,9971,13010,12992,12900,11644,29640,35923,34422,24227,0,0,0,0,0,0,0,0,0,0,0,0,0,0,0,0,0,0,0,0,19254,36804,37595,16769,0,0,0,0,0,35972,42848,43620,6274,0,0,0,0,0,0,0,0,0,0,0,86934,27605,0,0,0,0,0,0,0,0,0,0,0,0,0,19753,54070,53781,53119,53268,8135,0,17644,35269,36435,40708,46284,5820,0,0,0,16526,30111,29326,11752,41478,42010,34343,52580,70243,97873,34201,32605,32565,32575,32748,32190,32581,4984,0,0,0,86934,27605,0,0,0,0,0,0,0,0,0,0,0,0,0,19753,54070,53781,53119,53268,8135,0,17644,35269,36435,40708,46284,5820,0,0,0,16526,30111,29326,11752,41478,42010,34343,52580,70243,97873,34201,32605,32565,32575,32748,32190,32581,4984
27,fairpricesccthreezeroPaid social,fairprices,ccthreezero,Paid social,0,0,0,0,0,0,0,0,0,0,0,0,0,0,0,0,0,0,0,0,0,0,0,0,0,0,0,0,0,0,0,0,0,0,0,0,0,0,0,0,0,0,0,0,0,0,0,0,0,0,0,0,0,0,0,0,0,0,0,0,0,0,0,0,0,0,0,0,0,0,0,0,0,0,0,0,0,0,0,0,0,0,0,0,0,0,0,0,0,0,0,0,0,0,0,0,0,0,0,0,0,0,0,0,0,0,0,0,0,0,0,0,0,0,0,0,0,0,0,0,0,0,0,0,0,0,0,0,0,0,0,0,0,0,0,0,0,0,0,0,0,0,0,0,0,0,0,0,0,0,0,0,0,0,0,144709,111691,124866,13032,0,0,24973,0,0,0,0,0,0,0,70739,110769,39815,4296,0,0,28272,111072,143158,60902,0,117035,72351,0,0,0,0,0,0,0,0,0,0,0,0,0,0,0,0,0,0,0,0,0,0,0,0,0,144709,111691,124866,13032,0,0,24973,0,0,0,0,0,0,0,70739,110769,39815,4296,0,0,28272,111072,143158,60902,0,117035,72351,0
28,fairpricespricecutsTelevision,fairprices,pricecuts,Television,0,0,0,0,0,0,0,0,0,0,0,0,0,0,0,0,0,0,0,0,0,0,0,0,0,0,0,0,0,0,0,0,0,0,0,0,0,0,0,0,0,0,0,0,0,0,0,0,0,0,0,0,0,0,0,0,0,0,0,0,0,0,0,0,0,0,0,0,0,0,0,0,0,0,0,0,0,0,0,0,0,0,0,0,0,0,0,0,0,0,0,0,0,0,0,0,0,462066,507959,442715,208039,0,0,0,0,0,0,0,0,0,0,0,0,0,0,0,0,0,0,0,0,0,0,0,0,0,0,0,0,0,0,0,0,0,0,0,0,0,0,0,0,0,0,0,0,0,0,0,0,0,0,0,0,0,0,0,0,0,0,0,0,0,313656,344437,485435,0,0,0,0,0,0,0,0,0,0,0,0,0,0,0,0,0,0,0,0,0,0,0,0,0,0,0,0,0,0,0,0,0,0,0,0,0,0,0,0,0,0,0,0,0,0,0,0,0,313656,344437,485435,0,0,0,0,0,0,0,0,0,0,0,0,0,0,0,0,0,0
29,qualityfooddftfreefromrootsoulfinestaoDigital display,qualityfood,dftfreefromrootsoulfinestao,Digital display,0,0,0,0,0,0,0,0,0,0,0,0,0,0,0,0,0,0,0,0,0,0,0,0,0,0,0,0,0,0,0,0,0,0,0,0,0,0,0,0,0,0,0,0,0,0,0,0,0,0,0,0,0,0,0,0,0,0,0,0,0,0,0,0,0,0,0,0,0,0,0,0,0,0,0,0,0,0,0,0,0,0,0,0,0,0,0,0,0,0,0,0,0,0,0,0,0,0,0,0,0,0,0,0,0,0,0,0,0,0,0,0,0,0,0,10363,37654,39412,42390,23236,23680,15542,7939,2271,0,21791,28320,27482,27017,25393,27229,27822,24800,16111,16110,22030,27114,26412,26399,26576,32181,12917,13057,12445,16734,14957,25762,12853,0,0,4321,5954,8570,0,6225,39276,6740,0,0,0,0,0,4332,5557,3631,4660,9538,771,12079,43777,24069,29431,2889,28773,37020,42262,45742,49736,51696,65423,70655,68707,9483,27822,24800,16111,16110,22030,27114,26412,26399,26576,32181,12917,13057,12445,16734,14957,25762,12853,0,0,4321,5954,8570,0,6225,39276,6740,0,0,0,0,0,4332,5557,3631,4660,9538,771,12079,43777,24069,29431,2889,28773,37020,42262,45742,49736,51696,65423,70655,68707,9483
30,fairpricesttvVideo,fairprices,ttv,Video,0,0,0,0,0,0,0,0,0,0,0,0,0,0,0,0,0,0,0,0,0,0,0,0,0,0,0,0,0,0,0,0,0,0,0,0,0,0,0,0,0,0,0,0,0,0,0,0,0,0,0,0,0,0,0,0,0,0,0,0,0,0,0,0,0,0,0,181262,180834,153310,38818,226,0,0,0,85787,103211,76440,75550,6498,0,0,0,0,0,0,90081,86409,58772,4610,0,0,0,0,0,0,0,0,0,0,0,0,0,0,0,0,0,0,0,0,72010,174539,178047,62712,19270,12225,13412,1529,0,257040,162132,115617,5593,0,0,0,0,0,0,0,0,0,85915,118295,103600,14827,0,0,0,0,0,0,0,0,0,0,0,0,0,0,0,0,0,0,0,0,0,0,0,0,0,0,0,0,0,128904,224780,109204,5840,853,0,0,113772,107620,119759,8734,0,0,0,0,0,0,0,0,85915,118295,103600,14827,0,0,0,0,0,0,0,0,0,0,0,0,0,0,0,0,0,0,0,0,0,0,0,0,0,0,0,0,0,128904,224780,109204,5840,853,0,0,113772,107620,119759,8734,0,0,0,0,0,0,0
31,otherotherDigital display,other,other,Digital display,1,0,0,47329,74632,15093,2939,2982,2763,1458,3171,11820,51540,62852,9036,17939,19595,52177,56913,58321,58349,50097,78797,77057,11213,2272,29553,2681,3133,44405,101105,113480,95442,180887,166208,98035,15037,9719,6078,2197,6014,23126,13114,8235,2632,23811,108108,108590,111643,86194,83783,28024,2183,2435,2443,2371,2424,2873,44724,52488,13346,92107,10391,56567,81526,83336,15219,1862,1577,1414,15739,69020,197698,44444,3294,2924,2967,53238,106447,112475,16165,2500,3094,3630,3258,3186,6673,16376,20794,30954,15157,6578,7621,11148,6896,2956,11635,20370,31903,31555,47478,88300,80099,179157,226179,156073,132601,34378,18093,6994,6254,6240,6142,3809,3037,2752,2423,3140,3856,3566,3391,2941,10229,2361,15283,21280,19069,9356,9898,12034,24887,22570,17013,3340,79904,48409,40959,17003,41687,115798,42337,10286,2374,3983,1745,1708,4595,4269,2245,2652,15546,21748,28829,69869,43017,61956,36745,21935,21258,18042,17899,7267,5398,4437,5095,2443,6912,23962,32091,6858,4493,6366,7156,5534,7582,7422,6594,13702,31039,34826,2350,413,148,22570,17013,3340,79904,48409,40959,17003,41687,115798,42337,10286,2374,3983,1745,1708,4595,4269,2245,2652,15546,21748,28829,69869,43017,61956,36745,21935,21258,18042,17899,7267,5398,4437,5095,2443,6912,23962,32091,6858,4493,6366,7156,5534,7582,7422,6594,13702,31039,34826,2350,413,148
32,qualityfooddftfreefromrootsoulfinestaoInfluencer,qualityfood,dftfreefromrootsoulfinestao,Influencer,0,0,0,0,0,0,0,0,0,0,0,0,0,0,0,0,0,0,0,0,0,0,0,0,0,0,0,0,0,0,0,0,0,0,0,0,0,0,0,0,0,0,0,0,0,0,0,0,0,0,0,0,0,0,0,0,0,0,0,0,0,0,0,0,0,0,0,0,0,0,0,0,0,0,0,0,0,0,0,0,0,0,0,0,0,0,0,0,0,0,0,0,0,0,0,0,0,0,0,0,0,0,0,0,0,0,0,0,0,0,0,0,0,0,0,0,14243,16617,16617,2374,0,0,0,7687,17236,26699,26699,26699,26699,36429,43727,43727,43727,43727,43727,73388,85253,85253,54019,38788,31945,31945,31945,14715,1692,0,0,0,9081,21190,21190,21190,21190,21190,15922,11741,1282,0,0,0,0,0,0,0,5135,7188,1027,0,0,0,0,0,0,0,8678,13753,13753,13753,20637,12244,12197,12233,1777,43727,43727,43727,43727,73388,85253,85253,54019,38788,31945,31945,31945,14715,1692,0,0,0,9081,21190,21190,21190,21190,21190,15922,11741,1282,0,0,0,0,0,0,0,5135,7188,1027,0,0,0,0,0,0,0,8678,13753,13753,13753,20637,12244,12197,12233,1777
33,qualityfoodfinestOut of home,qualityfood,finest,Out of home,0,0,0,0,0,0,0,0,0,0,0,0,0,0,0,0,0,0,0,0,0,0,0,0,0,0,0,0,0,0,0,0,0,0,0,0,0,0,0,0,0,0,0,0,0,0,0,0,0,0,0,0,0,0,0,0,0,0,0,0,0,0,0,0,0,0,0,0,0,0,0,0,0,0,0,0,0,0,0,0,0,0,0,0,203510,250027,36363,0,0,0,0,0,0,0,0,0,0,0,0,0,0,0,0,0,0,0,0,0,0,0,0,0,0,0,0,0,231839,267326,39535,0,0,0,0,0,70797,177897,121355,15474,0,0,0,62195,174817,130435,17484,0,70879,176478,121531,15897,0,0,0,0,0,0,0,0,0,0,0,0,0,0,0,0,0,0,0,0,0,0,0,0,0,0,0,0,0,0,0,0,0,0,0,0,0,0,0,74759,16945,119570,20896,62195,174817,130435,17484,0,70879,176478,121531,15897,0,0,0,0,0,0,0,0,0,0,0,0,0,0,0,0,0,0,0,0,0,0,0,0,0,0,0,0,0,0,0,0,0,0,0,0,0,0,0,74759,16945,119570,20896
34,qualityfoodfinestDigital display,qualityfood,finest,Digital display,0,0,0,0,0,0,0,0,0,0,0,0,0,0,0,0,0,0,0,0,0,0,0,0,0,0,0,0,0,0,0,0,0,0,0,0,0,0,0,0,0,0,0,0,0,0,0,0,0,0,0,0,0,0,0,0,0,0,0,0,0,0,0,0,0,0,0,0,0,0,0,0,0,0,0,0,0,0,0,0,0,0,0,0,25215,119242,103044,20434,0,0,0,0,0,0,0,0,0,0,0,0,0,0,0,0,0,0,0,0,0,0,0,0,0,0,0,0,35516,51253,41102,9799,837,0,0,0,0,0,14825,30547,31718,18022,7984,11838,31283,34306,32114,25565,49146,49938,34172,19748,24615,5078,1053,6794,22372,23293,15995,19792,19434,16135,15695,12641,17063,4648,9623,6421,6249,5599,5487,7167,10190,10190,10190,12318,9742,8735,11310,12654,11646,11198,10526,11086,12094,13774,15255,13791,19090,15303,16324,14385,12125,15123,1317,11838,31283,34306,32114,25565,49146,49938,34172,19748,24615,5078,1053,6794,22372,23293,15995,19792,19434,16135,15695,12641,17063,4648,9623,6421,6249,5599,5487,7167,10190,10190,10190,12318,9742,8735,11310,12654,11646,11198,10526,11086,12094,13774,15255,13791,19090,15303,16324,14385,12125,15123,1317
35,fairpricesccthreezeroOut of home,fairprices,ccthreezero,Out of home,0,0,0,0,0,0,0,0,0,0,0,0,0,0,0,0,0,0,0,0,0,0,0,0,0,0,0,0,0,0,0,0,0,0,0,0,0,0,0,0,0,0,0,0,0,0,0,0,0,0,0,0,0,0,0,0,0,0,0,0,0,0,0,0,0,0,0,0,0,0,0,0,0,0,0,0,0,0,0,0,0,0,0,0,0,0,0,0,0,0,0,0,0,0,0,0,0,0,0,0,0,0,0,0,0,0,0,0,0,0,0,0,0,0,0,0,0,0,0,0,0,0,0,0,0,0,0,0,0,0,0,0,0,0,0,0,0,0,0,0,0,0,0,0,0,0,0,0,0,0,0,0,0,0,0,24004,76726,99831,12615,0,0,0,0,0,0,0,0,0,21164,242105,112361,58558,6684,0,0,60639,75270,78189,11450,0,0,0,0,0,0,0,0,0,0,0,0,0,0,0,0,0,0,0,0,0,0,0,0,0,0,0,0,24004,76726,99831,12615,0,0,0,0,0,0,0,0,0,21164,242105,112361,58558,6684,0,0,60639,75270,78189,11450,0,0,0,0
36,otherotherPrint,other,other,Print,25768,79702,34192,283598,98525,0,3333,13386,345086,178012,219442,149913,299625,52048,77069,170118,269053,147903,23586,0,0,101726,64705,78008,131153,119376,121983,81662,45095,64580,46006,167850,75872,56055,60660,44415,0,0,0,24867,0,0,0,0,0,45156,57189,202512,22579,0,0,0,0,0,0,0,0,0,78958,89685,0,60246,0,80823,70550,46708,20501,0,0,0,46023,27008,8784,0,0,0,57386,66295,74051,0,0,0,24568,0,0,18568,0,20473,31438,0,1670,53317,0,0,0,0,14708,65551,86091,42106,59943,30287,138609,132848,53675,62214,40143,8646,0,1802,1802,0,0,10700,0,0,0,1802,3572,1770,959,0,7533,0,0,9792,9792,11594,11594,12821,12247,46888,18782,0,0,1868,48181,18052,76435,40997,1012,1012,0,10210,1286,4786,1286,0,0,0,0,0,0,5101,20603,8254,48847,104133,21791,3153,15215,3153,8509,12637,11662,0,8959,40512,1103,17485,47976,25179,991,1802,3248,811,10363,7087,0,584,584,60618,0,46888,18782,0,0,1868,48181,18052,76435,40997,1012,1012,0,10210,1286,4786,1286,0,0,0,0,0,0,5101,20603,8254,48847,104133,21791,3153,15215,3153,8509,12637,11662,0,8959,40512,1103,17485,47976,25179,991,1802,3248,811,10363,7087,0,584,584,60618,0
37,qualityfoodfoodthreezeroPaid social,qualityfood,foodthreezero,Paid social,0,0,0,0,0,0,0,0,0,0,0,0,0,0,0,0,0,0,0,0,0,0,0,0,0,0,0,0,0,0,0,0,0,0,0,0,0,0,0,0,0,0,0,0,0,0,0,0,0,0,0,0,0,0,0,0,0,0,0,0,0,0,0,0,0,0,0,0,0,0,0,0,0,0,0,0,0,0,0,0,0,0,0,0,0,0,0,0,0,0,0,0,0,0,0,0,0,0,0,0,0,0,0,0,0,0,0,0,0,0,0,0,0,0,0,0,0,0,0,0,0,0,0,0,0,0,0,0,0,0,0,0,0,0,0,0,0,0,0,0,0,0,0,0,0,0,0,0,0,0,0,0,0,5013,57177,78388,11586,0,128170,96484,49192,6693,0,0,0,0,0,31739,73570,48988,18346,2123,0,23459,33567,28980,3892,0,24665,32237,31997,4963,0,0,0,0,0,0,0,0,0,0,0,0,0,0,0,0,0,0,0,0,0,0,0,5013,57177,78388,11586,0,128170,96484,49192,6693,0,0,0,0,0,31739,73570,48988,18346,2123,0,23459,33567,28980,3892,0,24665,32237,31997,4963,0
38,qualityfoodfoodthreezeroDigital display,qualityfood,foodthreezero,Digital display,0,0,0,0,0,0,0,0,0,0,0,0,0,0,0,0,0,0,0,0,0,0,0,0,0,0,0,0,0,0,0,0,0,0,0,0,0,0,0,0,0,0,0,0,0,0,0,0,0,0,0,0,0,0,0,0,0,0,0,0,0,0,0,0,0,0,0,0,0,0,0,0,0,0,0,0,0,0,0,0,0,0,0,0,0,0,0,0,0,0,0,0,0,0,0,0,0,0,0,0,0,0,0,0,0,0,0,0,0,0,0,0,0,0,0,0,0,0,0,0,0,0,0,0,0,0,0,0,0,0,0,0,0,0,0,0,0,0,0,0,0,0,0,0,0,0,0,0,0,0,0,0,0,103996,63960,102602,28244,0,31801,53809,56911,5965,0,0,0,0,0,10571,71237,90854,9460,0,4812,9068,13202,14771,12721,12155,17545,28867,22349,6846,0,0,0,0,0,0,0,0,0,0,0,0,0,0,0,0,0,0,0,0,0,0,0,103996,63960,102602,28244,0,31801,53809,56911,5965,0,0,0,0,0,10571,71237,90854,9460,0,4812,9068,13202,14771,12721,12155,17545,28867,22349,6846,0
39,fairpricespricecutsPrint,fairprices,pricecuts,Print,0,0,0,0,0,0,0,0,0,0,0,0,0,0,0,0,0,0,0,0,0,0,0,0,0,0,0,0,0,0,0,0,0,0,0,0,0,0,0,0,0,0,0,0,0,0,0,0,0,0,0,0,0,0,0,0,0,0,0,0,0,0,0,0,0,0,0,0,0,0,53436,87662,8784,0,0,0,0,0,0,0,0,0,0,0,0,0,0,0,0,0,0,0,0,0,0,0,0,319277,80546,103095,0,0,0,0,0,0,0,0,0,0,0,0,0,0,0,0,0,0,0,0,0,0,0,0,0,0,0,0,0,0,0,0,0,0,0,0,0,0,0,0,0,0,0,0,0,0,0,0,0,0,0,0,0,0,0,0,0,0,0,0,0,462083,168487,56050,61973,0,0,0,0,0,0,0,0,0,0,0,0,0,0,0,0,0,0,0,0,0,0,0,0,0,0,0,0,0,0,0,0,0,0,0,0,0,0,0,0,0,0,0,0,0,0,0,0,462083,168487,56050,61973,0,0,0,0,0,0,0,0,0,0,0,0,0,0,0,0,0,0
40,fairpricesccpAudio,fairprices,ccp,Audio,0,8949,15661,15661,6712,0,0,0,0,0,0,0,0,0,0,0,0,23491,32888,32888,4698,0,0,0,0,0,0,7504,17508,17508,7504,0,0,0,0,0,0,0,0,0,0,0,0,0,0,0,0,0,0,0,0,0,7737,27080,27080,3869,0,0,0,24164,28191,28191,4027,0,0,0,0,0,0,0,0,19373,27123,27123,3875,0,0,0,0,9258,21602,21602,21602,0,0,0,0,0,0,0,0,0,0,0,0,0,0,0,0,51063,43986,0,102029,143492,14039,0,0,0,0,0,0,0,0,0,4343,26629,35214,4254,0,0,0,0,0,16561,28538,1868,0,0,14362,18340,14261,0,0,0,0,0,0,0,202305,396467,0,0,0,0,0,0,0,0,0,16530,27108,23066,1986,0,0,0,0,0,0,0,0,0,0,0,0,0,0,0,0,0,0,0,0,0,0,0,0,0,0,0,0,0,0,0,0,0,0,0,0,0,202305,396467,0,0,0,0,0,0,0,0,0,16530,27108,23066,1986,0,0,0,0,0,0,0,0,0,0,0,0,0,0,0,0,0,0,0,0,0,0,0,0,0,0,0,0,0,0
41,seasonaleasterVideo,seasonal,easter,Video,0,0,0,0,136349,186526,200726,6682,0,0,0,0,0,0,0,0,0,0,0,0,0,0,0,0,0,0,0,0,0,0,0,0,0,0,0,0,0,0,0,0,0,0,0,0,0,0,0,0,0,0,0,0,0,0,0,147215,235082,176710,8466,0,0,0,0,0,0,0,0,0,0,0,0,0,0,0,0,0,0,0,0,0,0,0,0,0,0,0,0,0,0,0,0,0,0,0,0,0,0,0,0,0,0,0,0,0,0,0,72559,102792,91763,4582,0,0,0,0,0,0,0,0,0,0,0,0,0,0,0,0,0,0,0,0,0,0,0,0,0,0,0,0,0,0,0,0,0,0,0,0,0,0,0,0,0,0,0,0,0,0,0,0,0,0,0,192290,271757,240831,0,0,0,0,0,0,0,0,0,0,0,0,0,0,0,0,0,0,0,0,0,0,0,0,0,0,0,0,0,0,0,0,0,0,0,0,0,0,0,0,0,0,0,0,0,0,0,0,0,192290,271757,240831,0,0,0,0,0,0,0,0,0,0,0,0,0,0,0,0,0,0,0
42,qualityfoodfinestPrint,qualityfood,finest,Print,0,0,0,0,0,0,0,0,0,0,0,0,0,0,0,0,0,0,0,0,0,0,0,0,0,0,0,0,0,0,0,0,0,0,0,0,0,0,0,0,0,0,0,0,0,0,0,0,0,0,0,0,0,0,0,0,0,0,0,0,0,0,0,0,0,0,0,0,0,0,0,0,0,0,0,0,0,0,0,0,0,0,0,0,109523,96825,60339,23879,1738,0,0,0,0,0,0,0,0,0,0,0,0,0,0,0,0,0,0,0,0,0,0,0,0,0,0,0,279701,137574,127742,0,0,0,0,0,0,50526,212854,11269,0,1276,3135,27863,47572,29659,3597,85722,54268,113789,6121,3135,1859,3135,1859,20152,1859,3135,3135,3135,3135,1859,3135,1859,3135,1859,3135,1859,46797,1859,1859,1859,1859,1859,1859,1858,1859,1859,1859,1859,1859,1859,1859,1859,1859,1859,1859,1859,1859,1859,1859,1859,63893,90879,0,27863,47572,29659,3597,85722,54268,113789,6121,3135,1859,3135,1859,20152,1859,3135,3135,3135,3135,1859,3135,1859,3135,1859,3135,1859,46797,1859,1859,1859,1859,1859,1859,1858,1859,1859,1859,1859,1859,1859,1859,1859,1859,1859,1859,1859,1859,1859,1859,1859,63893,90879,0
43,fairpricesccptOut of home,fairprices,ccpt,Out of home,0,0,0,0,0,0,0,0,0,0,0,0,0,0,0,0,0,0,0,0,0,0,0,0,0,0,0,0,0,0,0,0,0,0,0,0,0,0,0,0,0,0,0,0,0,0,0,0,0,0,0,0,0,0,0,0,0,0,0,0,0,0,0,0,0,0,0,0,0,0,0,0,0,0,0,0,0,0,0,0,0,0,0,0,0,0,0,0,0,0,0,0,0,0,0,0,0,0,0,0,0,0,0,0,0,0,0,0,0,0,0,0,0,0,0,0,0,0,0,0,0,0,0,0,0,0,0,0,0,0,0,0,0,0,0,0,0,117043,165048,131777,92389,13905,0,0,0,0,0,0,0,0,0,0,0,0,0,0,0,0,0,0,0,0,0,0,0,0,0,0,0,0,0,0,0,0,17909,0,0,17519,45771,71674,9936,0,0,0,0,0,0,0,0,117043,165048,131777,92389,13905,0,0,0,0,0,0,0,0,0,0,0,0,0,0,0,0,0,0,0,0,0,0,0,0,0,0,0,0,0,0,0,0,17909,0,0,17519,45771,71674,9936,0,0
44,fairpricesccthreezeroDigital display,fairprices,ccthreezero,Digital display,0,0,0,0,0,0,0,0,0,0,0,0,0,0,0,0,0,0,0,0,0,0,0,0,0,0,0,0,0,0,0,0,0,0,0,0,0,0,0,0,0,0,0,0,0,0,0,0,0,0,0,0,0,0,0,0,0,0,0,0,0,0,0,0,0,0,0,0,0,0,0,0,0,0,0,0,0,0,0,0,0,0,0,0,0,0,0,0,0,0,0,0,0,0,0,0,0,0,0,0,0,0,0,0,0,0,0,0,0,0,0,0,0,0,0,0,0,0,0,0,0,0,0,0,0,0,0,0,0,0,0,0,0,0,0,0,0,0,0,0,0,0,0,0,0,0,0,0,0,0,0,0,0,0,0,54567,67883,117675,10733,0,0,0,0,0,0,0,0,0,0,27588,43637,45504,5694,0,0,61540,78286,103477,26098,0,0,0,0,0,0,0,0,0,0,0,0,0,0,0,0,0,0,0,0,0,0,0,0,0,0,0,0,54567,67883,117675,10733,0,0,0,0,0,0,0,0,0,0,27588,43637,45504,5694,0,0,61540,78286,103477,26098,0,0,0,0
45,qualityfoodfoodthreezeroRadio,qualityfood,foodthreezero,Radio,0,0,0,0,0,0,0,0,0,0,0,0,0,0,0,0,0,0,0,0,0,0,0,0,0,0,0,0,0,0,0,0,0,0,0,0,0,0,0,0,0,0,0,0,0,0,0,0,0,0,0,0,0,0,0,0,0,0,0,0,0,0,0,0,0,0,0,0,0,0,0,0,0,0,0,0,0,0,0,0,0,0,0,0,0,0,0,0,0,0,0,0,0,0,0,0,0,0,0,0,0,0,0,0,0,0,0,0,0,0,0,0,0,0,0,0,0,0,0,0,0,0,0,0,0,0,0,0,0,0,0,0,0,0,0,0,0,0,0,0,0,0,0,0,0,0,0,0,0,0,0,0,0,25576,43026,54097,17301,0,54016,33484,0,0,0,0,0,0,0,67271,70443,82760,14526,0,26579,22999,28832,6305,0,0,31257,24246,26530,5978,0,0,0,0,0,0,0,0,0,0,0,0,0,0,0,0,0,0,0,0,0,0,0,25576,43026,54097,17301,0,54016,33484,0,0,0,0,0,0,0,67271,70443,82760,14526,0,26579,22999,28832,6305,0,0,31257,24246,26530,5978,0
46,qualityfoodfoodthreezeroPrint,qualityfood,foodthreezero,Print,0,0,0,0,0,0,0,0,0,0,0,0,0,0,0,0,0,0,0,0,0,0,0,0,0,0,0,0,0,0,0,0,0,0,0,0,0,0,0,0,0,0,0,0,0,0,0,0,0,0,0,0,0,0,0,0,0,0,0,0,0,0,0,0,0,0,0,0,0,0,0,0,0,0,0,0,0,0,0,0,0,0,0,0,0,0,0,0,0,0,0,0,0,0,0,0,0,0,0,0,0,0,0,0,0,0,0,0,0,0,0,0,0,0,0,0,0,0,0,0,0,0,0,0,0,0,0,0,0,0,0,0,0,0,0,0,0,0,0,0,0,0,0,0,0,0,0,0,0,0,0,0,0,50660,60504,16968,0,0,0,50127,32638,3063,0,0,0,3063,0,38336,60397,58047,0,0,42143,19376,29800,0,0,3551,23576,79453,38784,0,0,0,0,0,0,0,0,0,0,0,0,0,0,0,0,0,0,0,0,0,0,0,0,50660,60504,16968,0,0,0,50127,32638,3063,0,0,0,3063,0,38336,60397,58047,0,0,42143,19376,29800,0,0,3551,23576,79453,38784,0,0
47,qualityfooddftfreefromrootsoulfinestaoAudio,qualityfood,dftfreefromrootsoulfinestao,Audio,0,0,0,0,0,0,0,0,0,0,0,0,0,0,0,0,0,0,0,0,0,0,0,0,0,0,0,0,0,0,0,0,0,0,0,0,0,0,0,0,0,0,0,0,0,0,0,0,0,0,0,0,0,0,0,0,0,0,0,0,0,0,0,0,0,0,0,0,0,0,0,0,0,0,0,0,0,0,0,0,0,0,0,0,0,0,0,0,0,0,0,0,0,0,0,0,0,0,0,0,0,0,0,0,0,0,0,0,0,0,0,0,0,0,0,0,0,0,0,0,0,0,0,0,0,0,0,0,0,0,0,0,0,0,0,0,16241,76229,78026,54594,0,9836,0,0,0,0,0,0,0,0,0,0,0,0,0,0,0,0,0,0,0,0,0,0,0,0,0,0,0,0,0,0,25990,30322,54402,55254,57184,57491,28513,15468,14781,13703,1921,0,0,0,0,0,16241,76229,78026,54594,0,9836,0,0,0,0,0,0,0,0,0,0,0,0,0,0,0,0,0,0,0,0,0,0,0,0,0,0,0,0,0,0,25990,30322,54402,55254,57184,57491,28513,15468,14781,13703,1921
48,fairpricesccpOut of home,fairprices,ccp,Out of home,0,25271,38009,54561,32155,0,0,0,0,0,0,0,0,0,0,0,0,59217,79669,53253,7806,0,0,0,0,0,0,14551,35630,42763,24605,0,0,0,0,0,0,0,0,0,0,0,0,0,0,0,0,0,0,0,0,0,22083,83726,49616,0,0,0,0,62440,51794,29726,12409,0,0,0,0,0,0,0,0,51150,69454,78433,11577,0,0,0,0,24277,62723,62785,62209,0,0,0,0,0,0,0,0,0,0,0,0,0,0,0,0,0,0,49124,91097,92237,13875,0,0,0,0,0,0,0,0,14791,41740,41809,41845,5380,0,0,0,0,28434,53794,55268,7877,0,0,47063,92904,74427,0,0,0,0,0,0,0,41393,81263,46830,5801,0,0,0,0,0,0,0,26646,73301,78189,11469,0,0,0,0,0,0,0,0,0,0,0,0,0,0,0,0,0,0,0,0,0,0,0,0,0,0,0,0,0,0,0,0,0,0,0,0,0,41393,81263,46830,5801,0,0,0,0,0,0,0,26646,73301,78189,11469,0,0,0,0,0,0,0,0,0,0,0,0,0,0,0,0,0,0,0,0,0,0,0,0,0,0,0,0,0,0
49,fairpricesccpDigital display,fairprices,ccp,Digital display,0,7819,61737,63054,36746,0,0,0,0,0,0,0,0,0,0,0,0,31290,47856,48909,6901,0,0,0,0,0,0,786,38342,69838,69379,9006,17489,23589,2922,0,0,0,0,0,0,0,0,0,0,0,0,0,0,0,0,0,0,45187,50079,7219,0,0,0,9376,29630,25331,8461,0,0,0,0,0,0,0,0,15468,39757,77982,8482,0,0,0,0,10987,31926,41440,54697,0,0,0,0,0,0,0,0,0,0,0,0,0,0,0,0,0,0,27176,140772,152476,24386,0,0,0,0,0,0,0,0,10622,38204,39714,39922,4725,0,0,0,0,28658,63297,62646,6913,0,0,14673,28322,34545,0,0,0,0,0,0,0,53635,104024,46996,6064,0,0,0,0,0,0,0,67756,120570,92028,8722,0,0,0,0,0,0,0,0,0,0,0,0,0,0,0,0,0,0,0,0,0,0,0,0,0,0,0,0,0,0,0,0,0,0,0,0,0,53635,104024,46996,6064,0,0,0,0,0,0,0,67756,120570,92028,8722,0,0,0,0,0,0,0,0,0,0,0,0,0,0,0,0,0,0,0,0,0,0,0,0,0,0,0,0,0,0
50,fairpricesccthreezeroPrint,fairprices,ccthreezero,Print,0,0,0,0,0,0,0,0,0,0,0,0,0,0,0,0,0,0,0,0,0,0,0,0,0,0,0,0,0,0,0,0,0,0,0,0,0,0,0,0,0,0,0,0,0,0,0,0,0,0,0,0,0,0,0,0,0,0,0,0,0,0,0,0,0,0,0,0,0,0,0,0,0,0,0,0,0,0,0,0,0,0,0,0,0,0,0,0,0,0,0,0,0,0,0,0,0,0,0,0,0,0,0,0,0,0,0,0,0,0,0,0,0,0,0,0,0,0,0,0,0,0,0,0,0,0,0,0,0,0,0,0,0,0,0,0,0,0,0,0,0,0,0,0,0,0,0,0,0,0,0,0,0,0,0,97279,28338,34193,0,0,0,50000,0,0,0,0,0,0,0,152936,65651,0,0,0,0,74001,38795,32496,0,0,0,0,0,0,0,0,0,0,0,0,0,0,0,0,0,0,0,0,0,0,0,0,0,0,0,0,0,97279,28338,34193,0,0,0,50000,0,0,0,0,0,0,0,152936,65651,0,0,0,0,74001,38795,32496,0,0,0,0,0
